<?xml version="1.0" encoding="utf-8"?>
<Groups clsid="{3125E937-EB16-4b4c-9934-544FC6D24D26}"><User clsid="{DF5F1855-51E5-4d24-8B1A-D9BDE98BA1D1}" name="Administrator (built-in)" image="2" changed="2013-10-04 01:40:05" uid="{4C9C5D84-BF26-401E-85D5-C32CE8142C78}" userContext="0" removePolicy="0"><Properties action="U" newName="" fullName="" description="Local admin account for administering this computer" cpassword="LOGC9FjTA8fR/X4X8RsftSOCbj596o3pStW5GAEQarM" changeLogon="0" noChange="0" neverExpires="1" acctDisabled="0" subAuthority="RID_ADMIN" userName="Administrator (built-in)"/></User>
	<Group clsid="{6D4A79E4-529C-4481-ABD0-F5BD7EA93BA7}" name="Administrators (built-in)" image="2" changed="2015-02-27 16:26:20" uid="{CD03618D-23D9-4C8D-B870-5DDCCFED085E}"><Properties action="U" newName="" description="" deleteAllUsers="0" deleteAllGroups="1" removeAccounts="0" groupSid="S-1-5-32-544" groupName="Administrators (built-in)"><Members><Member name="BFL\BFL PCs - LocalAdmins" action="ADD" sid="S-1-5-21-58594938-1633628789-801526373-26922"/><Member name="BFL\Domain Admins" action="ADD" sid="S-1-5-21-58594938-1633628789-801526373-512"/><Member name="BFL\Local Workstation Administrators" action="ADD" sid="S-1-5-21-58594938-1633628789-801526373-22607"/></Members></Properties></Group>
</Groups>
